sep=,
DeviceTag:,RW2
FirmwareVersion:,2.1.0
AppVersion:,2023.6.0
SyncStatus:,Un-synced
OutputRate:,60Hz
FilterProfile:,General
Measurement Mode:,Sensor fusion Mode - Extended(Euler)
StartTime: ,2024-06-19_19:09:20_422 CEST
Â© Movella Technologies B. V. 2005-2024

PacketCounter,SampleTimeFine,Euler_X,Euler_Y,Euler_Z,FreeAcc_X,FreeAcc_Y,FreeAcc_Z,Status
1,725654018,93.076393,19.026497,177.095612,-0.205459,-0.002195,0.304959,0
2,725670685,93.063896,18.953941,177.386993,-0.107589,0.331111,0.465240,0
3,725687352,92.716660,18.900982,177.444229,0.211487,0.295387,-0.389623,0
4,725704019,92.500687,19.049253,177.297958,0.562424,0.258092,-1.001966,0
5,725720686,92.655510,19.372776,177.121597,0.672642,0.556380,-0.659328,0
6,725737353,92.942863,19.776245,176.918976,0.406105,0.409181,0.118533,0
7,725754020,93.127182,20.150026,176.730698,-0.046840,0.279848,0.585383,0
8,725770687,93.162643,20.424034,176.607666,-0.159998,0.486102,0.536763,0
9,725787354,93.039719,20.654837,176.502106,0.392981,0.745231,-0.380531,0
10,725804021,93.101814,20.930292,176.344818,1.126045,0.800287,-1.533479,0
11,725820688,93.431252,21.295458,176.084915,1.042956,1.052644,-1.004847,0
12,725837355,93.635925,21.693853,175.789764,0.481565,0.978700,-0.272803,0
13,725854022,93.592751,22.073622,175.467041,0.460882,0.371907,-0.184679,0
14,725870689,93.410126,22.470646,175.121948,0.383237,0.324719,-0.201823,0
15,725887356,93.177780,22.871367,174.811386,0.190993,0.531886,-0.246181,0
16,725904023,92.951263,23.262445,174.568619,0.219651,0.457670,-0.393381,0
17,725920690,92.905464,23.656443,174.398468,0.346828,0.254327,-0.624392,0
18,725937357,93.106628,24.071026,174.302017,0.311042,0.167627,-0.532366,0
19,725954024,93.510437,24.514601,174.205185,0.170200,0.002684,-0.163686,0
20,725970691,93.879684,24.976473,174.170502,-0.046597,0.081992,0.468599,0
21,725987358,94.054283,25.420240,174.184326,-0.213889,0.184626,0.947695,0
22,726004025,94.019463,25.812624,174.238571,-0.379103,0.199572,1.215782,0
23,726020692,93.837463,26.133934,174.355850,-0.508521,-0.095292,1.066057,0
24,726037359,93.614746,26.391504,174.524719,-0.484810,-0.413679,0.829576,0
25,726054026,93.409508,26.575556,174.724548,-0.698040,-0.566624,1.064069,0
26,726070693,93.148949,26.683409,174.930283,-0.886325,-0.630373,1.354434,0
27,726087360,92.829071,26.707756,175.122650,-0.827790,-0.679689,1.271336,0
28,726104027,92.466484,26.646978,175.272079,-0.836783,-0.732701,1.053235,0
29,726120694,92.041008,26.501036,175.469315,-0.878032,-0.609910,0.939985,0
30,726137361,91.538162,26.266376,175.542648,-0.739593,-0.592992,0.777182,0
31,726154028,90.981850,25.952328,175.579132,-0.464684,-0.588808,0.470780,0
32,726170695,90.394852,25.567085,175.554504,-0.262647,-0.659184,0.227139,0
33,726187362,89.798813,25.117493,175.480072,-0.146366,-0.685898,0.022524,0
34,726204029,89.160316,24.613407,175.375931,-0.047553,-0.781017,0.075345,0
35,726220696,88.446175,24.087751,175.358414,0.124000,-0.930235,-0.032294,0
36,726237363,87.672379,23.567308,175.317719,0.243023,-1.084868,-0.245538,0
37,726254030,86.894615,23.070637,175.125473,0.360577,-1.179246,-0.311606,0
38,726270697,86.177002,22.610670,174.918716,0.535586,-1.250406,-0.371930,0
39,726287364,85.581329,22.222544,174.695709,0.653112,-1.257927,-0.467377,0
40,726304031,85.158974,21.886961,174.504730,0.573658,-1.514771,-0.640858,0
41,726320698,85.005386,21.601885,174.357269,0.671193,-1.772866,-0.808252,0
42,726337365,85.097290,21.369202,174.269669,0.469984,-1.890942,-0.701259,0
43,726354032,85.285759,21.183094,174.262985,0.229808,-1.629878,-0.209626,0
44,726370699,85.488937,21.052145,174.508209,-0.047834,-1.583832,-0.225345,0
45,726387366,85.659477,20.954636,174.911621,0.091420,-1.626945,-0.396109,0
46,726404033,85.887001,20.826742,175.454117,0.307099,-1.817063,-0.705401,0
47,726420700,86.220711,20.719007,176.049072,0.320420,-1.371284,-0.821187,0
48,726437367,86.575661,20.638428,176.760696,-0.191069,-0.831884,-0.539147,0
49,726454034,86.995018,20.578106,177.609467,-0.196596,-0.847583,-0.311830,0
50,726470701,87.426620,20.532572,178.516006,0.199113,-0.408987,-0.555161,0
51,726487368,88.093842,20.524961,179.423874,0.310725,0.099114,-0.502267,0
52,726504035,88.862167,20.540073,-179.695374,0.258661,0.779229,-0.051142,0
53,726520702,89.671936,20.548473,-178.841782,0.287443,1.065759,0.199305,0
54,726537369,90.384026,20.527166,-178.048370,0.074288,1.194837,0.709700,0
55,726554036,90.697426,20.449297,-177.315613,-0.090505,1.545670,1.692482,0
56,726570703,90.580963,20.329145,-176.654556,0.050895,1.749371,1.266355,0
57,726587370,90.377579,20.145018,-176.038605,0.490467,1.631106,0.503223,0
58,726604037,90.205322,19.902065,-175.475266,0.432841,1.506301,0.399139,0
59,726620704,89.948524,19.574516,-174.880936,0.232079,1.096382,0.899348,0
60,726637371,89.415199,19.208548,-174.269669,0.375425,0.958729,1.481359,0
61,726654038,88.533669,18.838495,-173.662109,0.487557,0.722627,1.093216,0
62,726670705,87.592918,18.475060,-173.017700,0.818788,0.301597,-0.119173,0
63,726687372,86.860733,18.132898,-172.320297,1.172038,0.233407,-0.759768,0
64,726704039,86.332191,17.830011,-171.628387,1.216569,0.294545,-0.827665,0
65,726720706,85.941071,17.558897,-170.924576,1.120984,0.099738,-1.195308,0
66,726737373,85.669685,17.314924,-170.179047,1.129744,0.098984,-1.360473,0
67,726754040,85.469498,17.112127,-169.407928,1.149700,0.109899,-1.383986,0
68,726770707,85.419891,16.964317,-168.597687,1.175326,0.053808,-1.605105,0
69,726787374,85.489723,16.878452,-167.778320,1.166040,0.092885,-1.490910,0
70,726804041,85.658951,16.858284,-166.949020,0.984850,0.280790,-1.315122,0
71,726820708,85.909813,16.910149,-166.089111,0.799205,0.220215,-1.242043,0
72,726837375,86.195488,17.030025,-165.200500,0.639402,0.345633,-0.867744,0
73,726854042,86.486465,17.208349,-164.286713,0.447625,0.369009,-0.555207,0
74,726870709,86.820068,17.423830,-163.341400,0.415883,0.383805,-0.492212,0
75,726887376,87.226944,17.634794,-162.389160,0.373199,0.584819,-0.124748,0
76,726904043,87.660301,17.812876,-161.446259,0.306296,0.675296,0.316138,0
77,726920710,88.053040,17.942474,-160.530014,0.484209,0.815426,0.634685,0
78,726937377,88.329453,18.003502,-159.687454,0.687961,0.799574,0.894691,0
79,726954044,88.449348,18.003956,-158.945129,0.815883,0.871544,1.086604,0
80,726970711,88.419624,17.939907,-158.326569,1.080786,1.158876,0.885181,0
81,726987378,88.322777,17.815767,-157.867752,1.484063,1.304881,0.701439,0
82,727004045,88.195580,17.643717,-157.590103,1.714772,1.331020,0.550919,0
83,727020712,88.023308,17.440905,-157.467896,1.930891,1.262408,0.454092,0
84,727037379,87.797287,17.228073,-157.491898,2.116797,1.289461,0.141524,0
85,727054046,87.548058,17.023899,-157.635635,2.187175,1.308338,-0.250748,0
86,727070713,87.343910,16.838305,-157.850815,2.209337,1.210600,-0.592644,0
87,727087380,87.226341,16.693459,-158.130554,2.233666,1.129714,-0.783966,0
88,727104047,87.170128,16.589378,-158.461182,2.019002,1.354366,-0.659877,0
89,727120714,87.181259,16.544533,-158.833572,1.835826,1.434365,-0.749031,0
90,727137381,87.253548,16.553724,-159.254105,1.791667,1.422079,-0.908793,0
91,727154048,87.429771,16.607588,-159.705673,1.597378,1.071155,-0.672385,0
92,727170715,87.649040,16.716944,-160.181473,1.413790,0.864967,-0.531120,0
93,727187382,87.847366,16.867075,-160.665710,1.119162,0.645002,-0.355080,0
94,727204049,88.086586,17.036158,-161.148727,0.901295,0.283041,-0.378265,0
95,727220716,88.421860,17.214201,-161.610168,0.670095,0.040648,-0.124630,0
96,727237383,88.775528,17.404667,-162.045959,0.266586,-0.239659,0.216949,0
97,727254050,89.092094,17.600050,-162.423279,0.074766,-0.556830,-0.058585,0
98,727270717,89.499138,17.773176,-162.788696,0.023422,-0.569903,-0.463851,0
99,727287384,89.946579,17.928659,-163.172760,-0.462343,-0.385482,0.840994,0
100,727304051,90.113358,18.076214,-163.542404,-0.944315,-0.567337,1.123876,0
101,727320718,90.222603,18.217070,-163.838638,-0.648918,-1.013310,-0.118441,0
102,727337385,90.461288,18.361010,-164.092651,-0.571464,-0.980873,-0.049390,0
103,727354052,90.609901,18.482172,-164.289886,-1.248150,-0.900617,0.632448,0
104,727370719,90.675812,18.564295,-164.256958,-1.580308,-1.700274,0.320393,0
105,727387386,90.821838,18.606026,-163.939316,-1.109979,-2.561076,-0.262607,0
106,727404053,91.064705,18.665825,-163.475784,-0.863345,-2.213703,-0.181491,0
107,727420720,91.262085,18.833376,-163.028824,-1.037187,-0.030998,-0.441496,0
108,727437387,91.622330,19.016161,-162.449768,-1.602064,-0.280824,-1.080441,0
109,727454054,92.122414,19.204720,-161.743652,-1.403714,-0.379034,-0.767649,0
110,727470721,92.568329,19.390215,-160.939072,-1.658214,-1.224371,-0.075092,0
111,727487388,92.892960,19.554640,-159.993668,-1.732809,-1.499797,0.291997,0
112,727504055,93.146461,19.707546,-158.927567,-1.536574,-1.333979,0.446442,0
113,727520722,93.418571,19.867840,-157.787857,-1.377819,-1.137764,0.201443,0
114,727537389,93.750702,20.007769,-156.562134,-1.501839,-1.317417,0.301466,0
115,727554056,94.097633,20.130186,-155.242142,-1.418880,-1.758308,0.493433,0
116,727570723,94.376068,20.259092,-153.832397,-1.516619,-2.066263,0.874147,0
117,727587390,94.473457,20.368139,-152.325104,-1.516502,-2.354052,0.968722,0
118,727604057,94.506264,20.430769,-150.727097,-1.187457,-2.693141,0.512969,0
119,727620724,94.672585,20.442308,-149.052322,-0.751748,-2.795766,0.322375,0
120,727637391,94.964188,20.426435,-147.351639,-0.614539,-2.684665,0.538767,0
121,727654058,95.249626,20.354124,-145.584869,-0.680800,-2.522124,1.106137,0
122,727670725,95.191238,20.312243,-143.788956,-0.790883,-2.960770,2.093985,0
123,727687392,94.602715,20.223019,-141.886902,-0.164475,-3.818245,0.971801,0
124,727704059,94.036819,20.086153,-139.805405,0.887140,-4.237877,-0.244724,0
125,727720726,93.686829,19.951965,-137.646790,1.419280,-3.835443,-0.833139,0
126,727737393,93.743973,19.827740,-135.459198,1.659815,-3.959673,-1.100899,0
127,727754060,94.137100,19.732935,-133.273514,1.158083,-3.758456,0.082963,0
128,727770727,94.226562,19.718493,-131.035309,0.543879,-3.737913,1.507161,0
129,727787394,93.708992,19.735395,-128.723389,0.656341,-3.883149,1.333898,0
130,727804061,92.845238,19.770527,-126.315857,1.538488,-3.734532,0.442726,0
131,727820728,91.887650,19.865643,-123.916542,1.886294,-3.062485,0.172211,0
132,727837395,90.934967,20.035273,-121.559921,1.676972,-2.681769,0.374459,0
133,727854062,90.025444,20.251024,-119.267204,1.493602,-2.663794,0.521621,0
134,727870729,89.136055,20.537945,-117.011604,1.628936,-3.016640,0.318674,0
135,727887396,88.397003,20.849850,-114.700653,2.298830,-3.581542,0.007699,0
136,727904063,87.614960,21.285151,-112.296478,2.660307,-4.111382,-0.199935,0
137,727920730,86.649109,21.809584,-109.705826,3.294085,-4.574777,-1.608588,0
138,727937397,85.485016,22.397154,-106.859421,3.154472,-4.245173,-3.261923,0
139,727954064,84.570679,23.000708,-103.871315,2.626085,-2.932286,-3.301137,0
140,727970731,83.467972,23.638578,-101.056023,1.543576,-2.938270,-2.714986,0
141,727987398,82.324875,24.208469,-98.273941,0.734906,-3.814256,-3.271892,0
142,728004065,80.903145,24.645658,-95.435028,1.180470,-4.901374,-3.402724,0
143,728020732,79.600372,24.886082,-92.441277,2.256923,-4.751603,-3.960953,0
144,728037399,78.524597,25.084259,-89.504646,2.841068,-4.579077,-2.385196,0
145,728054066,77.306229,25.318613,-86.616257,4.236346,-5.663124,-0.714917,0
146,728070733,76.064415,25.732201,-83.616096,5.354631,-5.337375,-0.373906,0
147,728087400,74.990349,26.404942,-80.553047,6.273063,-3.836899,0.041454,0
148,728104067,74.025818,27.333729,-77.553413,6.160452,-1.553936,0.227462,0
149,728120734,73.213707,28.450634,-74.800972,6.123929,-0.355986,1.475492,0
150,728137401,72.063980,29.750118,-72.324120,6.149816,-0.095296,3.417517,0
151,728154068,70.217117,31.275505,-70.119621,6.232668,0.311835,3.964298,0
152,728170735,67.786812,32.903042,-68.163261,5.872776,1.511645,1.263058,0
153,728187402,65.831360,34.481430,-66.473000,5.362596,2.102145,-0.712988,0
154,728204069,64.471268,35.838566,-64.967346,5.481891,1.287493,-0.753356,0
155,728220736,63.544678,36.847538,-63.651291,5.124927,0.496707,-0.815133,0
156,728237403,62.259033,37.491043,-62.437164,5.550823,-0.289070,-0.697512,0
157,728254070,60.450760,37.865353,-61.278728,4.831737,1.136853,-1.776733,0
158,728270737,58.160236,38.105747,-60.210876,4.222718,2.784452,-2.325258,0
159,728287404,56.092285,38.287479,-59.233288,3.720764,4.705345,-3.535479,0
160,728304071,54.453590,38.489594,-58.431095,4.481879,6.301553,-1.356492,0
161,728320738,52.547001,38.640182,-57.965336,5.631939,7.110893,1.385962,0
162,728337405,50.444302,38.658211,-57.596527,3.666739,8.634228,0.953024,0
163,728354072,48.846378,38.385170,-57.294994,2.748216,9.587029,1.064253,0
164,728370739,47.554440,37.634979,-56.848732,2.018893,8.402342,1.361559,0
165,728387406,47.002785,36.487419,-56.058311,4.440107,6.922164,1.654132,0
166,728404073,46.435093,35.197620,-54.691021,6.800196,5.798916,0.638718,0
167,728420740,46.196465,34.118557,-52.494118,7.071068,6.729735,0.101610,0
168,728437407,46.059334,33.273865,-49.703056,5.467675,6.946772,-0.618629,0
169,728454074,46.173542,32.571606,-46.465660,4.821132,7.759986,-1.378593,0
170,728470741,46.389538,31.901814,-42.651691,5.969186,8.823053,-1.730515,0
171,728487408,46.745899,31.341921,-37.987583,6.527842,11.446394,-1.247607,0
172,728504075,46.874321,30.889706,-32.630093,4.864356,13.475720,-0.837156,0
173,728520742,47.722923,30.605982,-26.573193,2.568485,15.176351,-0.990443,0
174,728537409,49.087837,30.551689,-20.099833,-1.505815,16.533253,3.705911,0
175,728554076,50.634911,30.450863,-13.519896,-8.903120,18.783270,7.945147,0
176,728570743,51.823380,29.710712,-7.322306,-16.363792,18.637171,8.056978,0
177,728587410,52.658379,28.290165,-1.646802,-22.483706,16.279015,5.728054,0
178,728604077,53.204891,26.717346,3.796535,-27.796875,13.426611,2.157516,0
179,728620744,54.101219,25.336428,9.041103,-35.240250,8.919549,2.525887,0
180,728637411,55.537640,24.135670,14.167648,-41.453259,1.209953,5.179356,0
181,728654078,57.552193,23.058092,19.353447,-47.118435,-6.269543,11.476301,0
182,728670745,59.935947,21.989481,24.572016,-59.454788,-17.401489,13.654337,0
183,728687412,62.995708,19.988665,28.357792,-72.990791,-30.967588,12.446383,0
184,728704079,67.013306,16.783978,29.198288,-80.381325,-44.038334,-1.993218,0
185,728720746,74.718925,13.699601,25.268198,-84.965157,-38.911095,-9.830975,0
186,728737413,84.310440,13.052551,15.172012,-103.069687,-15.029523,-2.569411,0
187,728754080,92.630859,16.196001,-2.442136,-120.455261,37.903603,27.998486,0
188,728770747,93.750450,19.952114,-28.612938,-95.485527,154.580521,53.441723,1024
189,728787414,84.495811,20.674204,-59.702290,5.751653,208.936707,54.209156,1024
190,728804081,72.846977,14.904339,-93.832428,121.443497,157.569839,33.242790,1024
191,728820748,60.433979,9.187803,-124.768402,166.948318,102.303070,-59.715103,1024
192,728837415,45.622684,2.542738,-156.722565,179.849838,20.473305,-75.493881,1024
193,728854082,50.091080,7.373153,-171.533630,117.761703,6.720989,-21.029221,1024
194,728870749,35.671417,1.486010,166.544647,131.943481,-88.661392,-49.699520,1024
195,728887416,41.139992,2.638390,154.046173,73.780388,-89.098869,-43.373756,0
196,728904083,31.095068,5.179045,144.207336,25.786425,-85.467339,-14.197441,0
197,728920750,20.044401,8.169294,134.812027,14.275260,-80.395142,-22.839050,0
198,728937417,7.247053,11.857197,125.927284,-2.320322,-63.901073,-15.504086,0
199,728954084,-6.957760,14.853601,116.887245,1.421016,-54.695621,-11.693402,0
200,728970751,-16.294310,17.939489,108.107971,-5.330197,-42.993336,2.283437,0
201,728987418,-21.849018,21.910482,99.446503,-20.772379,-36.251583,10.795809,0
202,729004085,-27.182560,25.212826,91.426247,-23.366447,-29.358440,13.211695,0
203,729020752,-29.148304,27.015371,84.234184,-24.953667,-20.674789,15.317692,0
204,729037419,-27.615704,27.897558,78.316727,-31.764378,-13.197467,12.049990,0
205,729054086,-25.643496,28.514151,73.675438,-36.382107,-4.407741,11.727514,0
206,729070753,-24.833483,28.729136,70.284912,-37.488834,4.243454,12.524446,0
207,729087420,-24.767666,28.344933,67.892868,-32.137360,11.898046,9.727682,0
208,729104087,-24.121630,27.629272,66.303108,-25.444387,15.087421,6.089679,0
209,729120754,-22.229988,26.728056,65.609726,-22.296076,15.464107,4.559929,0
210,729137421,-19.232807,25.598164,66.021751,-22.056370,13.794003,3.666930,0
211,729154088,-15.660388,24.074583,67.358543,-20.933096,12.430292,1.669183,0
212,729170755,-12.496200,22.534754,69.318260,-19.229137,9.654204,-0.398973,0
213,729187422,-9.700454,21.012251,71.795692,-17.404852,5.148549,-2.226446,0
214,729204089,-7.339599,19.475216,74.702652,-15.633846,2.040215,-3.932052,0
215,729220756,-5.625106,18.134699,77.945129,-13.860099,-0.118676,-5.041337,0
216,729237423,-4.451007,17.080519,81.489716,-11.851459,-2.062914,-5.509960,0
217,729254090,-3.364240,16.273191,85.346664,-9.235826,-3.064182,-6.329599,0
218,729270757,-2.001287,15.792316,89.514275,-7.851265,-3.591871,-7.145547,0
219,729287424,-0.464699,15.691373,93.979355,-7.631931,-5.079501,-6.184343,0
220,729304091,1.028205,15.862012,98.753731,-6.177179,-7.146107,-5.036826,0
221,729320758,2.428348,16.159428,103.850136,-4.538682,-8.503397,-4.407079,0
222,729337425,3.543935,16.582958,109.297241,-3.021632,-9.210318,-3.371798,0
223,729354092,4.367250,17.053503,115.057312,-1.852375,-9.784904,-2.412196,0
224,729370759,4.760545,17.533464,121.070145,-0.694782,-9.761889,-1.683441,0
225,729387426,4.829084,18.061134,127.288048,1.129626,-9.404170,-1.922113,0
226,729404093,4.736856,18.613270,133.611252,3.007183,-9.178260,-1.763581,0
227,729420760,4.488638,19.197412,139.963379,4.867116,-8.296928,-1.235379,0
228,729437427,4.290648,19.781879,146.296982,6.319971,-6.983553,-0.956485,0
229,729454094,4.306801,20.324274,152.555206,6.972172,-6.377298,-1.129936,0
230,729470761,4.434765,20.861631,158.659500,7.561551,-5.631646,-1.547264,0
231,729487428,4.709891,21.519619,164.584290,8.824348,-4.070038,-1.806676,0
232,729504095,5.408327,22.258329,170.303131,10.021173,-2.117590,-2.228191,0
233,729520762,6.430902,23.061390,175.883102,9.795675,-0.240514,-1.132610,0
234,729537429,7.813573,23.896996,-178.703522,9.349921,0.741214,0.009721,0
235,729554096,9.236382,24.836155,-173.451309,9.433138,1.412947,0.142893,0
236,729570763,10.830783,25.874731,-168.321579,10.217554,2.819394,-0.549277,0
237,729587430,12.751247,26.872450,-163.322098,11.071046,4.174886,-1.128274,0
238,729604097,14.812299,27.723568,-158.531311,10.708345,6.195422,-1.300702,0
239,729620764,16.972649,28.461523,-153.996582,9.498367,7.952025,-1.045704,0
240,729637431,19.244682,29.056360,-149.778473,8.592328,8.673247,-0.658546,0
241,729654098,21.434055,29.587420,-145.919937,7.444241,9.409785,-0.815963,0
242,729670765,23.545612,30.086338,-142.468765,6.426549,10.117630,-1.351332,0
243,729687432,25.717306,30.578659,-139.470047,5.593184,10.668495,-2.182345,0
244,729704099,27.875607,31.133322,-136.921570,4.490976,10.983624,-2.458955,0
245,729720766,29.981936,31.765913,-134.905685,3.441218,11.234146,-2.574929,0
246,729737433,31.971624,32.481480,-133.468246,2.511257,11.032869,-3.047072,0
247,729754100,33.836128,33.376144,-132.550262,1.766438,10.522243,-3.179255,0
248,729770767,35.462467,34.539494,-132.234253,1.107152,9.618810,-2.599749,0
249,729787434,36.696068,36.091663,-132.510956,0.672240,8.753399,-2.060448,0
250,729804101,37.500797,37.999710,-133.472885,0.444158,7.820064,-1.666563,0
251,729820768,37.849762,40.305794,-135.169220,0.243187,7.023502,-1.750394,0
252,729837435,37.745544,43.018047,-137.498993,0.176140,6.040691,-1.530354,0
253,729854102,37.649723,46.117191,-140.363373,0.358027,5.179149,-1.060459,0
254,729870769,37.950077,49.603779,-143.618561,0.285481,4.403561,-0.292607,0
255,729887436,38.888290,53.486805,-147.093521,-0.053329,2.573936,0.916884,0
256,729904103,40.008896,57.795086,-150.724915,-0.915487,0.195870,3.177430,0
257,729920770,40.608234,62.435246,-154.616333,-3.137771,-1.714446,6.521040,0
258,729937437,39.714661,67.305511,-159.397430,-5.525315,-2.187958,8.885344,0
259,729954104,36.210819,72.180809,-166.053314,-7.691320,-2.855932,9.746872,0
260,729970771,27.767904,76.687599,-176.818146,-8.820370,-3.980823,10.063482,0
261,729987438,10.235065,80.082001,164.354294,-9.630900,-5.259784,10.183018,0
262,730004105,-16.711256,81.257401,136.935669,-9.983112,-5.436916,9.604746,0
263,730020772,-39.359982,80.020195,114.148705,-10.389672,-4.723140,8.015640,0
264,730037439,-50.363262,77.747810,102.580231,-10.026969,-3.438859,4.810648,0
265,730054106,-53.343788,75.546898,98.058197,-9.042570,-2.609550,1.314912,0
266,730070773,-51.642944,73.836807,97.194321,-8.632838,-2.178145,-1.984390,0
267,730087440,-47.086403,72.667870,98.381935,-8.939751,-2.222674,-4.365059,0
268,730104107,-40.774895,71.878922,101.050262,-9.140126,-2.835588,-5.430769,0
269,730120774,-33.449100,71.228775,104.975456,-8.934110,-3.302673,-5.858216,0
270,730137441,-25.799858,70.534409,109.770615,-8.649872,-3.191330,-6.202210,0
271,730154108,-18.391729,69.746468,114.975853,-8.215531,-2.695359,-6.373017,0
272,730170775,-11.535817,68.869316,120.248436,-7.391149,-2.218348,-6.128452,0
273,730187442,-5.298703,67.939224,125.382904,-6.392097,-2.063343,-5.578275,0
274,730204109,0.393173,66.967606,130.334183,-5.402637,-2.112119,-4.748752,0
275,730220776,5.590618,65.989197,135.061783,-4.638770,-2.187735,-3.727974,0
276,730237443,10.353390,65.040771,139.597092,-3.956388,-2.367295,-2.435661,0
277,730254110,14.697602,64.122772,143.960999,-3.113987,-2.324516,-1.086960,0
278,730270777,18.700525,63.194210,148.178253,-2.108751,-2.106006,0.077135,0
279,730287444,22.507980,62.186298,152.314941,-1.142791,-1.834184,0.772034,0
280,730304111,26.221306,61.047604,156.460068,-0.274073,-1.280514,1.325668,0
281,730320778,29.826029,59.691292,160.550323,0.251434,-0.693490,1.800722,0
282,730337445,33.236324,58.079239,164.520142,0.665041,0.066231,1.888274,0
283,730354112,36.361885,56.221569,168.350662,1.012283,1.030755,1.877936,0
284,730370779,39.113029,54.108017,171.923645,1.488780,1.875428,1.888166,0
285,730387446,41.331253,51.751270,175.109589,1.963385,2.595263,1.844149,0
286,730404113,42.898918,49.207851,177.769363,2.614213,3.288815,1.525657,0
287,730420780,43.864639,46.554195,179.809311,3.423549,3.826414,0.600724,0
288,730437447,44.388443,43.901077,-178.755859,3.993863,4.177199,-0.832026,0
289,730454114,44.704239,41.364304,-177.846100,4.142014,4.508685,-2.536621,0
290,730470781,45.121574,39.045418,-177.336563,3.853417,4.427736,-3.995018,0
291,730487448,45.677849,37.037083,-177.126968,3.282578,4.254117,-4.885952,0
292,730504115,46.415718,35.435322,-177.210739,2.967638,4.062816,-5.270733,0
293,730520782,47.302174,34.330402,-177.628342,2.984869,3.364256,-5.121592,0
294,730537449,48.259365,33.838692,-178.431519,3.374729,2.504456,-4.947573,0
295,730554116,49.287052,34.027351,-179.672165,3.343969,1.815254,-4.547056,0
296,730570783,50.464359,34.924465,178.699738,2.590523,1.506405,-3.944150,0
297,730587450,52.002087,36.534161,176.820526,2.042377,0.583175,-3.044348,0
298,730604117,54.070724,38.685173,174.778336,1.937260,-0.439822,-1.618465,0
299,730620784,56.764233,41.175461,172.524094,1.518535,-1.275719,0.150973,0
300,730637451,59.666035,43.929726,170.162308,-0.245033,-2.607317,2.631688,0
301,730654118,61.911766,46.833298,167.800873,-3.070304,-3.995521,5.841310,0
302,730670785,62.605530,49.713913,165.312943,-5.960454,-4.281958,8.246906,0
303,730687452,61.639828,52.418034,162.577362,-6.813388,-3.309137,8.418758,0
304,730704119,59.559864,54.830738,159.470322,-6.479489,-2.554582,6.699511,0
305,730720786,57.023857,56.823997,156.117996,-5.931309,-2.150743,4.373408,0
306,730737453,54.617168,58.349895,152.651321,-5.080137,-2.171400,2.217423,0
307,730754120,52.603069,59.410053,149.070053,-4.817125,-2.276422,0.544949,0
308,730770787,50.949718,60.046379,145.402344,-5.650906,-2.035592,-0.566559,0
309,730787454,49.517262,60.401199,141.821701,-6.051443,-1.592245,-1.641261,0
310,730804121,47.983772,60.582363,138.281464,-7.092082,-1.229063,-1.877145,0
311,730820788,46.020668,60.644859,134.813599,-7.324009,-0.925718,-2.262738,0
312,730837455,43.822025,60.635895,131.497543,-6.792892,-0.861869,-2.996252,0
313,730854122,41.704891,60.587692,128.401794,-6.178894,-0.918859,-3.384353,0
314,730870789,39.864937,60.479248,125.578354,-5.895196,-1.067162,-3.670427,0
315,730887456,38.497002,60.318256,123.144135,-5.797081,-1.057985,-3.808104,0
316,730904123,37.628223,60.134975,121.143204,-5.901074,-1.029021,-3.577103,0
317,730920790,37.084335,59.949863,119.538406,-6.242493,-0.931290,-3.008744,0
318,730937457,36.635143,59.743923,118.290588,-6.532707,-1.046394,-2.286540,0
319,730954124,36.151569,59.503674,117.332367,-6.270780,-1.237584,-1.851655,0
320,730970791,35.699013,59.224064,116.640442,-5.544080,-1.413280,-1.625016,0
321,730987458,35.449314,58.878853,116.199959,-4.806046,-1.679889,-1.571021,0
322,731004125,35.514648,58.445545,116.003578,-4.278875,-1.721613,-1.565195,0
323,731020792,35.955612,57.944778,116.039352,-3.850766,-1.821501,-1.294241,0
324,731037459,36.687214,57.390392,116.220024,-3.589450,-1.969038,-0.851535,0
325,731054126,37.547504,56.815125,116.453674,-3.401154,-1.988739,-0.257287,0
326,731070793,38.410702,56.316933,116.667381,-3.046649,-2.287389,0.586564,0
327,731087460,39.187366,56.007080,116.744255,-2.925334,-2.917077,2.019981,0
328,731104127,39.774174,55.881882,116.580963,-2.667963,-3.448639,3.477257,0
329,731120794,40.234280,55.804089,116.104050,-2.222160,-3.118052,3.169015,0
330,731137461,41.042900,55.771492,115.657303,-2.151889,-1.398628,1.354094,0
331,731154128,42.603546,55.868313,115.692314,-2.606770,0.189140,0.537476,0
332,731170795,44.858273,55.993809,116.284821,-3.250143,1.003646,0.566528,0
333,731187462,47.523918,56.033409,117.350113,-3.245842,1.702514,0.187237,0
334,731204129,50.390560,55.955971,118.884346,-3.366452,2.671158,-0.250511,0
335,731220796,53.280033,55.735275,120.870796,-3.083269,3.412685,-0.087274,0
336,731237463,55.987312,55.292904,123.115196,-2.597740,3.703853,0.558842,0
337,731254130,58.309818,54.594692,125.293938,-1.912602,3.317300,0.774140,0
338,731270797,60.302067,53.624855,127.235512,-1.892161,2.712483,0.433700,0
339,731287464,62.157188,52.412159,129.009247,-2.228523,2.296046,0.598375,0
340,731304131,63.880302,50.971848,130.580490,-2.370872,2.160473,1.332220,0
341,731320798,65.416389,49.297138,131.915680,-2.414542,1.978831,2.150509,0
342,731337465,66.659386,47.353077,132.999969,-2.088789,2.038762,2.440476,0
343,731354132,67.785965,45.120987,133.936371,-1.749910,1.815501,2.094586,0
344,731370799,68.903351,42.596539,134.784882,-1.538329,1.655796,1.881652,0
345,731387466,70.119789,39.802212,135.559204,-1.392389,1.644706,1.734236,0
346,731404133,71.329094,36.794552,136.220474,-1.251118,2.191330,1.822328,0
347,731420800,72.371880,33.657230,136.724594,-1.417347,2.921527,1.751752,0
348,731437467,73.168221,30.473972,137.203491,-1.560133,3.086647,0.782718,0
349,731454134,74.097549,27.244389,137.754425,-1.879748,2.208152,-0.251275,0
350,731470801,75.265221,23.995394,138.287720,-1.672112,1.815150,-0.156684,0
351,731487468,76.349724,20.840471,138.677048,-1.632300,2.367787,0.320433,0
352,731504135,77.005142,17.801132,139.037247,-1.840270,3.259265,0.130912,0
353,731520802,77.223289,14.829992,139.433228,-2.324759,3.198771,-0.019090,0
354,731537469,77.153603,11.932598,139.897598,-2.923968,2.674868,-0.488585,0
355,731554136,77.028633,9.140476,140.460541,-2.609048,2.118163,-1.568901,0
356,731570803,77.075272,6.533115,141.011246,-1.933454,1.743819,-1.498664,0
357,731587470,77.241951,4.099267,141.462692,-1.500323,1.276192,-1.694335,0
358,731604137,77.681274,1.871049,141.762878,-1.573553,0.404539,-2.570593,0
359,731620804,78.540268,-0.073600,141.912491,-1.257703,-0.292334,-2.573807,0
360,731637471,79.747284,-1.644790,141.832352,-0.685964,-0.772461,-2.338995,0
361,731654138,81.270386,-2.843448,141.569534,-0.569155,-1.700443,-2.026366,0
362,731670805,82.806335,-3.695876,141.169266,0.097782,-2.834778,-0.893193,0
363,731687472,84.148315,-4.285146,140.697006,0.548475,-3.263964,-0.800798,0
364,731704139,85.642456,-4.693681,140.237961,0.267116,-3.816939,-1.488168,0
365,731720806,87.316711,-4.944481,139.863129,1.099609,-3.699779,-1.353576,0
366,731737473,89.023911,-5.043540,139.498764,1.492515,-3.796636,-1.313404,0
367,731754140,90.633636,-5.032144,139.179977,0.672852,-3.755697,-2.719038,0
368,731770807,92.426933,-4.947820,138.971863,0.402265,-3.551358,-3.776030,0
369,731787474,94.580551,-4.824553,138.785675,1.260135,-3.778175,-2.952625,0
370,731804141,96.684067,-4.676013,138.577103,2.066307,-3.647626,-1.617054,0
371,731820808,98.274429,-4.499717,138.390900,2.591116,-3.345812,-0.832317,0
372,731837475,99.404404,-4.315074,138.228256,2.333370,-3.641780,-1.391995,0
373,731854142,100.389420,-4.141412,138.073227,2.151776,-3.875922,-1.608537,0
374,731870809,101.361984,-3.996824,137.968750,2.182982,-3.949059,-2.231491,0
375,731887476,102.347633,-3.900196,137.933548,1.949330,-3.951043,-2.671113,0
376,731904143,103.355453,-3.858349,137.952545,2.055248,-3.815352,-2.311760,0
377,731920810,104.143288,-3.853042,138.107162,1.760322,-3.515038,-2.265122,0
378,731937477,104.969757,-3.874133,138.412338,1.541144,-3.252680,-3.000459,0
379,731954144,106.487923,-4.629833,139.006683,1.205235,-2.880475,-3.908321,0
380,731970811,109.018806,-5.184104,139.382645,6.512915,-2.592306,1.588235,0
381,731987478,109.132195,-5.397704,139.787125,0.871971,-1.753154,3.414282,0
382,732004145,108.370987,-5.698555,140.647415,-3.412995,-4.739757,-1.053394,0
383,732020812,109.001335,-5.783414,141.585037,-1.597055,-5.719106,-3.650740,0
384,732037479,111.126175,-5.561758,142.287109,-1.417741,-4.895210,-3.093005,0
385,732054146,113.922913,-5.032207,142.469604,3.190257,1.816761,-0.266049,0
386,732070813,115.254730,-4.218314,142.438461,3.781854,7.313937,7.884478,0
387,732087480,113.854355,-4.218275,142.727859,-0.348426,3.691570,5.216251,0
388,732104147,113.335381,-4.092692,143.204391,0.544593,-0.539069,0.468314,0
389,732120814,113.010162,-3.611839,143.501083,1.095654,-1.356098,0.379894,0
390,732137481,112.786659,-3.099217,143.728592,-1.940003,-2.910729,-0.801472,0
391,732154148,112.447990,-2.429081,144.384445,-0.689255,-1.381680,-1.191415,0
392,732170815,111.597122,-1.496022,145.187820,1.171296,1.219837,1.783586,0
393,732187482,109.629883,-0.584423,146.188705,-0.267452,0.350046,1.352323,0
394,732204149,107.803421,0.449800,147.278442,-1.517714,-1.369390,-1.272672,0
395,732220816,106.865051,1.532287,148.495636,-3.273444,-2.792017,-3.505535,0
396,732237483,107.227867,2.746503,149.992096,-1.903743,-1.570288,-2.023768,0
397,732254150,107.670471,4.052788,151.585083,-0.192389,0.530473,2.077361,0
398,732270817,107.097511,5.434600,153.252731,-0.994382,0.569536,2.925580,0
399,732287484,105.656967,6.896891,155.166794,-2.199544,-0.481322,1.667820,0
400,732304151,104.145615,8.379459,157.338730,-3.314308,-1.943344,0.421653,0
401,732320818,103.138351,9.843603,159.816589,-3.812605,-3.038524,0.193351,0
402,732337485,102.477745,11.206124,162.591476,-4.359460,-3.549526,1.518642,0
403,732354152,101.740303,12.437107,165.758636,-4.474626,-4.156539,2.336192,0
404,732370819,100.931816,13.569759,169.247055,-4.193552,-4.181687,2.781169,0
405,732387486,99.793465,14.695031,172.998001,-3.680615,-3.504786,2.930325,0
406,732404153,98.044014,15.781678,176.914185,-3.843212,-2.051981,3.310790,0
407,732420820,95.237305,16.700766,-179.100601,-3.437338,-1.834364,2.991150,0
408,732437487,92.182816,17.391233,-175.512375,-1.923413,-3.060570,1.019238,0
409,732454154,89.390305,17.770796,-172.043594,-1.220153,-2.423892,1.428622,0
410,732470821,86.771759,18.018566,-168.350632,0.011182,-2.131981,1.610649,0
411,732487488,84.775269,18.179430,-164.935760,2.924007,-4.411638,-4.185747,0
412,732504155,83.693085,18.113354,-161.518356,-1.272620,2.683057,6.360731,0
413,732520822,80.587715,17.805132,-158.626984,-1.206994,4.468706,8.723495,0
414,732537489,77.064606,17.235012,-156.266190,1.829235,2.592391,0.277749,0
415,732554156,75.160004,16.329811,-154.457809,2.519748,3.216793,-6.585741,0
416,732570823,75.804100,15.120890,-153.097534,1.189084,5.120556,-4.319348,0
417,732587490,77.297523,13.696353,-152.348587,-0.791112,4.936534,1.740924,0
418,732604157,78.234818,12.199880,-151.998367,-1.570537,3.574787,0.661627,0
419,732620824,79.389114,10.715860,-151.805389,-1.009337,2.131642,-2.864573,0
420,732637491,81.165413,9.290213,-151.773239,-0.472611,1.107893,-2.725215,0
421,732654158,83.189255,7.986361,-151.824188,-0.480898,0.749943,-0.630030,0
422,732670825,84.797302,6.808989,-151.898148,-0.483445,0.497335,1.274874,0
423,732687492,85.770325,5.767320,-151.947098,0.185715,-0.214834,1.734401,0
424,732704159,86.042961,4.928953,-151.881256,1.268487,-1.129001,-0.018089,0
425,732720826,86.281433,4.284681,-151.840042,2.402127,-0.728234,-1.483648,0
426,732737493,86.510300,3.937706,-152.012817,2.701937,-0.722805,-1.887692,0
427,732754160,86.584297,3.907106,-152.321808,2.011336,-0.660233,-0.872527,0
428,732770827,86.062546,4.207820,-152.540375,1.410557,-0.831489,-0.279547,0
429,732787494,84.848045,4.901759,-152.633926,1.834464,-0.162472,-0.901801,0
430,732804161,83.012611,5.976072,-152.695099,2.301894,0.680578,-4.052858,0
431,732820828,82.271027,7.267254,-153.016846,4.203446,0.140025,-4.687953,0
432,732837495,81.261284,9.002713,-153.695190,1.431651,-1.260245,3.132504,0
433,732854162,78.343536,11.219516,-153.816666,-1.259498,-2.591904,4.308231,0
434,732870829,73.818962,13.835000,-153.279755,-1.345589,-2.594675,3.104395,0
435,732887496,68.199249,16.640936,-152.321884,-0.743706,-2.411722,2.653341,0
436,732904163,61.844456,19.535275,-150.986618,0.091894,-3.679714,-1.889309,0
437,732920830,57.313320,22.166662,-149.063522,0.526581,-3.392403,-8.615443,0
438,732937497,54.908295,24.752865,-146.293137,0.970795,-2.195198,-6.848420,0
439,732954164,53.761429,27.308044,-143.054031,1.946872,-1.060743,-2.574718,0
440,732970831,51.646214,29.721457,-139.968277,0.725839,-0.885340,4.620553,0
441,732987498,47.119717,32.534386,-136.839966,1.056090,8.995439,-1.790485,0
442,733004165,44.646233,34.631744,-135.209244,5.411568,11.300585,-7.215478,0
443,733020832,44.450359,36.297974,-134.099396,1.625673,10.623625,-9.948186,0
444,733037499,46.049187,37.988224,-133.156006,1.280599,4.165651,0.304728,0
445,733054166,45.603268,39.572491,-132.818787,0.387760,5.232072,4.234881,0
446,733070833,44.746769,40.681789,-133.361938,-0.441291,8.289319,3.085272,0
447,733087500,44.218716,41.527603,-134.683762,-0.431420,7.212141,2.720396,0
448,733104167,43.483635,42.273167,-136.492065,0.297346,5.242386,0.528544,0
449,733120834,42.961510,43.162376,-138.353531,0.690343,4.953809,-1.969884,0
450,733137501,42.517006,44.136997,-139.980042,-0.484641,5.069658,-0.486776,0
451,733154168,42.185417,45.010525,-141.597198,-0.518316,2.654892,1.894822,0
452,733170835,40.259228,45.992416,-143.302322,-0.353293,2.051104,1.895780,0
453,733187502,37.529598,47.142433,-145.010330,0.683036,4.147097,-1.566331,0
454,733204169,34.866280,48.625816,-146.553360,1.099439,7.029385,-3.012958,0
455,733220836,32.540039,50.409325,-148.281525,1.977958,8.518783,-1.485390,0
456,733237503,29.792400,52.312351,-150.752289,2.535518,8.892211,0.175252,0
457,733254170,26.587458,54.191109,-154.242981,3.629951,11.418629,-0.534241,0
458,733270837,23.549919,55.957222,-158.681656,3.978885,12.324111,0.173139,0
459,733287504,20.478239,57.486137,-164.104401,4.037476,11.035029,2.918085,0
460,733304171,16.964582,58.618629,-170.524719,4.533211,9.774950,4.931388,0
461,733320838,13.139635,59.224796,-177.799286,5.033042,8.375151,6.350901,0
462,733337505,9.408365,59.187679,174.407608,4.950645,6.285885,7.904593,0
463,733354172,6.147092,58.323780,166.708557,4.151410,3.768692,9.429943,0
464,733370839,3.591454,56.497803,159.676575,2.825852,1.278370,10.389008,0
465,733387506,1.472375,53.734184,153.657761,1.750460,-1.142109,10.113579,0
466,733404173,-0.542939,50.239910,148.584808,1.811345,-2.173187,8.650724,0
467,733420840,-2.361346,46.254955,144.324707,1.852774,-2.430117,7.049238,0
468,733437507,-3.670168,41.951187,140.711304,2.223332,-2.452883,5.834566,0
469,733454174,-4.150060,37.291561,137.582901,2.134850,-2.953560,5.205079,0
470,733470841,-3.833312,32.283585,134.861618,0.899649,-4.329333,4.729321,0
471,733487508,-2.810345,26.968609,132.498199,-0.163324,-6.201681,3.122823,0
472,733504175,-1.361828,21.408829,130.492874,-1.390900,-7.089275,0.823551,0
473,733520842,0.598438,15.790923,128.840500,-1.863061,-6.003812,-1.903951,0
474,733537509,3.416459,10.231627,127.523865,-1.794381,-4.278352,-4.700181,0
475,733554176,7.332086,4.907149,126.421677,-2.502385,-2.434076,-6.564170,0
476,733570843,12.222813,0.013581,125.497894,-3.615081,-1.462521,-7.326587,0
477,733587510,17.800514,-4.415622,124.664764,-4.577856,-1.232204,-7.777743,0
478,733604177,23.624449,-8.347584,123.923103,-5.535877,-0.686023,-6.664944,0
479,733620844,29.418264,-11.669770,123.409744,-5.426117,-0.391798,-5.687355,0
480,733637511,34.902477,-14.485703,123.128952,-5.160610,-0.414969,-4.640575,0
481,733654178,39.357067,-16.812889,123.209290,-3.698302,0.427916,-4.978555,0
482,733670845,42.767475,-18.840967,123.500999,-1.502263,0.331376,-4.618865,0
483,733687512,45.711983,-20.840759,123.644501,-1.979022,0.618193,-7.091905,0
484,733704179,48.691334,-22.589334,123.877899,-1.851759,1.603503,-8.193147,0
485,733720846,51.970524,-24.015705,124.115303,-1.280868,1.717402,-7.162270,0
486,733737513,55.100689,-25.149979,124.283913,-1.684506,1.592485,-5.759507,0
487,733754180,57.563271,-25.915543,124.614525,-1.730827,0.966675,-4.858225,0
488,733770847,59.647804,-26.423531,125.053375,-0.861083,0.696428,-5.539748,0
489,733787514,61.812283,-26.643698,125.329941,-1.038244,1.249378,-7.073946,0
490,733804181,64.234116,-26.500570,125.456001,-1.691993,2.033062,-7.621109,0
491,733820848,66.772362,-25.948284,125.417328,-2.983973,1.347508,-6.399492,0
492,733837515,68.779968,-25.014254,125.569420,-3.116005,1.775776,-4.684325,0
493,733854182,70.150909,-23.732571,126.077614,-2.207541,2.680343,-4.797403,0
494,733870849,71.187721,-22.267113,126.601997,-2.329182,2.468824,-6.235916,0
495,733887516,72.318573,-20.813980,126.873772,-3.840979,0.622348,-6.245070,0
496,733904183,73.261681,-19.452887,127.152863,-4.394950,-0.727948,-4.035800,0
497,733920850,73.657364,-18.323088,127.581650,-3.599533,-0.860106,-3.487255,0
498,733937517,73.848839,-17.627489,128.095795,-1.667014,-0.293166,-3.624372,0
499,733954184,74.346764,-17.780954,128.090195,-0.700062,-0.217538,-3.700798,0
500,733970851,75.575104,-19.159296,127.078346,-2.494682,0.400132,-2.934886,0
501,733987518,77.733582,-22.100451,124.755157,-5.358922,2.258389,-2.993505,0
502,734004185,80.958450,-26.612419,120.825119,-7.612476,5.320794,-4.958247,0
503,734020852,85.622940,-32.400700,115.072678,-7.716001,6.430840,-7.284213,0
504,734037519,92.384857,-39.070023,106.365387,-9.238344,6.540392,-13.790565,0
505,734054186,103.374542,-45.017998,92.736580,-15.479053,8.559943,-21.922947,0
506,734070853,118.594185,-47.411079,73.957275,-24.988518,12.090692,-28.275339,0
507,734087520,133.603470,-43.401253,54.704769,-43.497906,17.799019,-30.553278,0
508,734104187,142.357559,-33.720058,41.871716,-67.500549,23.165894,-21.867641,0
509,734120854,147.605774,-17.980322,36.505478,-100.304550,15.129431,6.041974,0
510,734137521,144.438568,-0.782752,41.885529,-96.935112,-3.662987,32.275082,0
511,734154188,152.122971,13.214103,59.250793,-103.992004,-40.886829,46.996090,0
512,734170855,160.410812,19.722895,86.791092,25.670656,-123.272163,18.353521,0
513,734187522,162.849472,14.089637,119.095169,130.852112,-90.663933,50.898933,0
514,734204189,143.123306,8.535320,157.423645,96.090485,0.669530,141.485382,8192
515,734220856,114.016418,6.851547,-164.014984,25.185356,-62.605335,120.831177,9216
516,734237523,96.518806,4.363759,-156.534393,181.074646,-58.788628,-117.720047,1024
517,734254190,127.744034,-1.500900,-156.506866,47.967495,-13.644709,-56.015129,0
518,734270857,154.693634,-5.025698,-160.509766,24.477636,-10.477577,33.602825,0
519,734287524,-178.345779,-6.167192,-165.419800,13.033215,54.737411,6.770876,0
520,734304191,-166.440613,-9.037300,-164.361877,8.686874,76.281837,-52.247562,0
521,734320858,-170.530319,-11.730388,-160.822327,7.236396,31.527975,-46.979607,0
522,734337525,-176.312027,-13.718857,-155.532501,9.825853,24.960756,-43.966846,0
523,734354192,177.413589,-12.813003,-150.206573,3.753438,19.315054,-32.132454,0
524,734370859,172.722214,-10.437478,-145.831406,-2.219377,16.928793,-27.684057,0
525,734387526,169.752151,-7.542887,-142.500916,-1.950762,15.492852,-24.307999,0
526,734404193,168.354568,-4.277062,-140.023834,0.040361,16.229111,-21.651501,0
527,734420860,167.961731,-0.359292,-138.234924,1.040502,16.903740,-17.823891,0
528,734437527,167.409119,3.701605,-136.893646,2.041609,17.697561,-13.778259,0
529,734454194,166.512314,7.924588,-135.784149,3.251954,19.687527,-9.184470,0
530,734470861,164.897003,12.334374,-134.588516,4.833901,19.635868,-5.155046,0
531,734487528,163.143188,16.967819,-133.170456,6.561789,18.870384,-0.220174,0
532,734504195,161.749542,22.054081,-131.389435,6.905439,18.297789,4.425272,0
533,734520862,161.112183,27.729382,-129.128189,6.245727,17.067102,8.247452,0
534,734537529,161.281998,33.883125,-126.214546,3.946686,15.489570,11.995878,0
535,734554196,161.947021,40.481358,-122.910065,1.346361,13.717877,14.343658,0
536,734570863,163.488373,47.331562,-119.267014,-2.511429,11.002967,14.985151,0
537,734587530,165.433502,53.940506,-115.478981,-5.109939,7.971578,14.176912,0
538,734604197,167.872528,60.081589,-111.770363,-5.820077,5.868301,13.652588,0
539,734620864,171.017776,65.802628,-108.030609,-5.967260,4.082893,14.342609,0
540,734637531,175.286682,71.321274,-103.866570,-6.224769,1.761724,14.702536,0
541,734654198,-178.104538,76.743431,-98.319672,-6.912155,-0.897242,13.353691,0
542,734670865,-165.783569,81.975769,-88.060959,-7.962835,-3.758112,10.486912,0
543,734687532,-128.236465,86.369026,-53.515087,-8.748757,-5.761869,7.388832,0
544,734704199,-41.180664,85.603775,29.776129,-10.140049,-6.360915,4.203758,0
545,734720866,-13.118559,81.095215,53.821281,-11.460621,-5.637436,1.375143,0
546,734737533,-1.586352,76.396637,61.461048,-11.891013,-5.060514,-0.953170,0
547,734754200,6.214849,71.953766,65.555229,-11.453130,-5.362761,-2.937316,0
548,734770867,12.814126,67.788414,68.474922,-10.640847,-5.295576,-4.410143,0
549,734787534,19.001673,63.896175,70.902344,-9.801753,-4.231934,-5.456301,0
550,734804201,24.901936,60.318783,73.107994,-9.263686,-3.116428,-6.189186,0
551,734820868,30.509523,57.092995,75.245354,-8.782455,-2.339400,-6.420578,0
552,734837535,35.754204,54.197140,77.353691,-8.333832,-1.832644,-6.495825,0
553,734854202,40.654743,51.615925,79.551544,-7.537482,-1.285287,-6.037889,0
554,734870869,45.140282,49.231236,81.811668,-6.670905,-0.994864,-5.611564,0
555,734887536,49.229321,46.999172,84.198647,-5.608369,-0.885368,-5.279108,0
556,734904203,52.926098,44.831581,86.624626,-4.768886,-1.098038,-4.884946,0
557,734920870,56.170254,42.685513,88.978752,-4.499646,-1.241912,-5.095444,0
558,734937537,59.102493,40.601284,91.367531,-4.139780,-1.189605,-5.095872,0
559,734954204,61.756741,38.635502,93.868004,-3.360338,-1.446905,-4.570155,0
560,734970871,64.085640,36.820087,96.434654,-2.450189,-2.221735,-3.924351,0
561,734987538,65.970215,35.148624,98.931236,-1.157014,-2.772337,-3.241445,0
562,735004205,67.397400,33.619900,101.245102,0.038414,-2.531215,-3.020296,0
563,735020872,68.525681,32.253525,103.494728,1.088916,-1.968863,-3.336969,0
564,735037539,69.518379,31.118793,105.685974,1.325056,-1.752656,-3.921299,0
565,735054206,70.442505,30.201286,107.771935,1.231082,-1.422632,-4.626308,0
566,735070873,71.443024,29.503092,109.771194,1.002870,-0.689034,-5.143519,0
567,735087540,72.426697,29.071468,111.781494,1.225753,0.309238,-5.150470,0
568,735104207,73.358383,28.935417,113.850800,1.697417,1.342834,-4.671026,0
569,735120874,74.066048,29.059689,115.996773,2.777917,2.415177,-4.145363,0
570,735137541,74.624626,29.416386,118.096497,3.310074,3.635530,-3.777545,0
571,735154208,75.170067,29.975943,120.122841,2.779257,4.391914,-3.674479,0
572,735170875,75.756561,30.742050,122.241142,1.504934,4.529984,-3.686843,0
573,735187542,76.498306,31.681740,124.746178,1.583035,4.241992,-3.143276,0
574,735204209,77.505241,32.752579,127.441254,3.064744,3.621323,-1.677067,0
575,735220876,78.476585,33.956066,129.830399,3.665756,4.027795,-0.207502,0
576,735237543,79.203697,35.187912,131.959686,3.678749,5.642709,0.196786,0
577,735254210,79.885689,36.275284,133.986801,3.159345,6.514033,0.395984,0
578,735270877,80.500916,37.041489,135.965118,2.746512,6.432345,-0.260590,0
579,735287544,81.264168,37.464279,137.871506,2.317832,5.499123,-1.005431,0
580,735304211,82.053627,37.560722,139.653900,2.341962,5.753426,-0.743910,0
581,735320878,82.754204,37.456184,141.294785,2.950980,6.213086,-0.413618,0
582,735337545,83.256683,37.275444,142.731079,2.978695,5.970800,-0.681397,0
583,735354212,83.700691,37.075272,144.062057,2.880763,5.411013,-1.232051,0
584,735370879,84.155724,36.899986,145.341141,2.752795,4.869684,-1.422560,0
585,735387546,84.616119,36.763012,146.612488,2.770592,4.734967,-1.539780,0
586,735404213,85.092972,36.653992,147.910370,2.864655,4.887151,-1.039151,0
587,735420880,85.432640,36.569901,149.183243,2.752074,4.765640,-0.374899,0
588,735437547,85.507950,36.521873,150.484619,2.820384,4.411129,0.103765,0
589,735454214,85.342033,36.526756,151.850052,3.316333,3.747918,0.470907,0
590,735470881,84.958115,36.580837,153.176346,3.824597,3.169572,0.486861,0
591,735487548,84.477257,36.619171,154.426941,4.276390,2.890770,0.221361,0
592,735504215,83.967987,36.596725,155.563477,4.429462,2.633999,-0.078816,0
593,735520882,83.437012,36.485043,156.565125,4.301780,2.540830,-0.136600,0
594,735537549,82.853363,36.273785,157.492813,4.288488,2.309504,-0.394756,0
595,735554216,82.286400,35.998917,158.388687,4.722930,1.909614,-0.738897,0
596,735570883,81.820877,35.695210,159.197403,5.003911,1.624938,-0.988247,0
597,735587550,81.375076,35.376087,159.953491,5.343368,1.814452,-1.136618,0
598,735604217,81.028481,35.084774,160.556229,5.277467,1.600543,-1.136890,0
599,735620884,80.683769,34.837696,161.063751,5.064161,1.178209,-1.727552,0
600,735637551,80.490250,34.647598,161.553604,5.077658,0.805874,-2.274745,0
601,735654218,80.423576,34.537037,162.036514,4.946711,0.816491,-2.129736,0
602,735670885,80.358376,34.500706,162.545715,4.837808,1.076928,-1.748394,0
603,735687552,80.214668,34.534046,163.074509,5.133677,1.277753,-1.582991,0
604,735704219,80.018784,34.645447,163.542297,5.292983,0.919744,-1.578179,0
605,735720886,79.742188,34.843655,163.928619,5.445755,0.569645,-1.836466,0
606,735737553,79.499680,35.143124,164.234238,5.583763,0.421497,-2.111639,0
607,735754220,79.380569,35.504745,164.445221,5.748233,0.462593,-2.403864,0
608,735770887,79.472534,35.903526,164.500259,5.600803,0.477220,-2.640384,0
609,735787554,79.844009,36.314457,164.423126,5.182956,0.253507,-3.052686,0
610,735804221,80.611160,36.752583,164.307281,4.895331,-0.164884,-3.492158,0
611,735820888,81.890785,37.272369,164.237885,4.777555,-0.469333,-3.156838,0
612,735837555,83.578194,37.945782,164.200500,4.968134,-0.345296,-2.277260,0
613,735854222,85.505371,38.838032,164.092224,4.904968,0.027351,-1.379409,0
614,735870889,87.530479,40.000851,163.853180,4.350356,0.445046,-0.691321,0
615,735887556,89.514061,41.424690,163.437576,3.315001,0.498299,-0.275146,0
616,735904223,91.376534,43.055035,162.906601,2.268536,0.378985,-0.106016,0
617,735920890,93.253777,44.798058,162.380707,1.659438,0.041749,0.173116,0
618,735937557,95.272415,46.617443,161.884003,1.527989,-0.350410,0.749190,0
619,735954224,97.485893,48.512951,161.362366,1.390714,-0.577918,1.296080,0
620,735970891,99.922203,50.452526,160.789368,0.854382,-0.257572,1.842881,0
621,735987558,102.470001,52.410839,160.194336,0.175439,0.629560,2.289061,0
622,736004225,104.939117,54.379963,159.629166,-0.498571,1.692242,2.489904,0
623,736020892,107.088707,56.364285,159.095901,-1.103441,2.746309,2.399697,0
624,736037559,108.815231,58.348511,158.666702,-1.505609,3.649326,1.996118,0
625,736054226,110.194405,60.321194,158.471725,-1.658370,4.027623,1.493457,0
626,736070893,111.300415,62.283955,158.567413,-1.657205,3.997203,1.134566,0
627,736087560,112.208183,64.267136,158.923691,-1.794497,3.985715,0.893282,0
628,736104227,113.004868,66.241150,159.565704,-1.914711,4.101858,0.629252,0
629,736120894,113.820419,68.161697,160.538101,-1.908154,3.967657,0.468285,0
630,736137561,114.712410,70.017906,161.783310,-1.867167,3.793325,0.544723,0
631,736154228,115.638313,71.809860,163.117401,-2.001419,3.770876,0.672256,0
632,736170895,116.509178,73.499313,164.410965,-2.337209,3.857612,0.684279,0
633,736187562,117.259476,75.016502,165.551926,-2.586627,3.808471,0.567582,0
634,736204229,117.734215,76.305885,166.317871,-2.597480,3.671948,0.449407,0
635,736220896,117.637672,77.359451,166.328262,-2.682806,3.405857,0.264749,0
636,736237563,116.916595,78.126389,165.494446,-2.658578,3.149837,-0.136539,0
637,736254230,115.779961,78.571823,163.964691,-2.576841,3.007714,-0.389738,0
638,736270897,114.470184,78.712959,162.026657,-2.405123,2.881966,-0.347940,0
639,736287564,113.065269,78.627571,159.794907,-2.299694,3.052308,-0.050693,0
640,736304231,111.557762,78.400017,157.429550,-2.305619,3.391598,0.148944,0
641,736320898,109.977356,78.095444,155.111298,-2.211562,3.536095,0.109801,0
642,736337565,108.478859,77.745522,153.047623,-2.096158,3.387713,-0.016562,0
643,736354232,107.156387,77.363777,151.343628,-1.979509,3.175947,-0.111489,0
644,736370899,106.018593,76.956688,150.001022,-1.726813,2.976896,-0.124859,0
645,736387566,105.035446,76.530228,148.941055,-1.519188,2.905899,-0.219207,0
646,736404233,104.273590,76.070999,148.237091,-1.439926,2.875867,-0.334414,0
647,736420900,103.754028,75.567276,147.954391,-1.280602,2.831306,-0.225365,0
648,736437567,103.261116,75.041115,147.902344,-1.085360,2.935448,0.021280,0
649,736454234,102.647270,74.486137,147.980469,-0.986766,3.070428,0.159231,0
650,736470901,101.846260,73.895256,148.147049,-0.776384,2.948767,0.233516,0
651,736487568,100.814362,73.264244,148.307770,-0.547883,2.622878,0.216585,0
652,736504235,99.547401,72.572083,148.396454,-0.320771,2.303341,0.115575,0
653,736520902,98.185707,71.792427,148.504471,-0.007342,2.056257,0.050858,0
654,736537569,96.690491,70.957207,148.486313,0.341838,1.758383,0.313844,0
655,736554236,95.004318,70.089821,148.236237,0.521607,1.357062,0.433069,0
656,736570903,93.312073,69.195076,147.870682,0.771431,0.877557,0.448778,0
657,736587570,91.691910,68.289841,147.427322,1.105830,0.547259,0.594215,0
658,736604237,90.202782,67.369057,146.915054,1.460782,0.192802,0.747702,0
659,736620904,88.826012,66.426338,146.265381,1.796340,-0.073477,0.813256,0
660,736637571,87.570816,65.443970,145.453568,1.952710,-0.227740,0.724250,0
661,736654238,86.459641,64.414917,144.528656,1.969685,-0.195729,0.525649,0
662,736670905,85.565254,63.325008,143.630829,1.911510,-0.091155,0.325583,0
663,736687572,84.842285,62.172718,142.779663,1.853563,-0.005310,0.385110,0
664,736704239,84.177765,60.960300,141.954590,1.895452,0.078260,0.535516,0
665,736720906,83.452919,59.709324,141.100677,1.990949,0.120266,0.655487,0
666,736737573,82.607750,58.437428,140.204376,2.229799,0.116132,0.697370,0
667,736754240,81.689224,57.148106,139.253448,2.674478,-0.306800,0.284562,0
668,736770907,80.953316,55.818993,138.269592,3.123035,-0.697941,-0.161263,0
669,736787574,80.600121,54.446571,137.220627,3.242615,-0.749200,-0.217917,0
670,736804241,80.580688,53.036407,136.103363,3.255122,-0.492418,0.076929,0
671,736820908,80.721451,51.576653,134.837509,3.211945,-0.356696,0.576585,0
672,736837575,80.862045,50.060448,133.352661,3.091130,-0.076792,1.026286,0
673,736854242,80.921989,48.448009,131.695786,3.092517,0.228986,1.116217,0
674,736870909,81.030357,46.760406,129.939133,3.214988,0.476261,1.137965,0
675,736887576,81.251686,44.990215,128.159042,3.199270,0.287086,1.125664,0
676,736904243,81.643730,43.123150,126.288315,3.183908,0.015299,0.880591,0
677,736920910,82.154442,41.173168,124.295540,3.016353,0.345596,0.752839,0
678,736937577,82.704674,39.140694,122.209724,2.774245,1.449860,0.787628,0
679,736954244,83.177597,37.059174,120.112320,2.870482,2.686018,0.791869,0
680,736970911,83.562096,34.963341,118.129028,2.590284,3.412309,0.734670,0
681,736987578,83.742851,32.880615,116.317375,2.477985,3.636861,0.706069,0
682,737004245,83.764259,30.824640,114.699547,2.580880,3.399327,0.721661,0
683,737020912,83.662155,28.796198,113.234100,2.401054,2.614106,0.450821,0
684,737037579,83.612160,26.792625,111.807571,2.277557,2.123578,0.053170,0
685,737054246,83.752121,24.829733,110.341705,2.110623,2.504246,0.117390,0
686,737070913,83.916458,22.929335,108.942291,2.281753,3.296786,0.845806,0
687,737087580,83.867905,21.070227,107.653496,2.351184,3.288545,1.443776,0
688,737104247,83.692421,19.197739,106.404335,1.696076,2.301562,0.652204,0
689,737120914,83.693489,17.281092,105.129128,1.094247,1.628717,-0.394975,0
690,737137581,84.005615,15.330156,103.821777,1.343736,2.052749,-0.513643,0
691,737154248,84.563309,13.403479,102.576103,1.429222,2.727195,0.437954,0
692,737170915,84.971710,11.499272,101.452332,1.616987,2.645455,0.867459,0
693,737187582,85.259483,9.643268,100.407059,1.143871,1.867489,0.056674,0
694,737204249,85.527626,7.858196,99.410454,0.622038,1.158043,-1.038159,0
695,737220916,85.972687,6.175903,98.395287,0.229700,0.884606,-1.231307,0
696,737237583,86.595520,4.633136,97.427895,-0.102451,0.857126,-1.078637,0
697,737254250,87.178551,3.224749,96.644783,-0.086687,0.575819,-1.227489,0
698,737270917,87.826347,1.954847,95.960907,-0.043827,-0.400549,-1.371935,0
699,737287584,88.573799,0.823753,95.224251,-0.555790,-0.635648,-1.627301,0
700,737304251,89.526459,-0.208004,94.541420,-0.875363,0.172842,-2.738476,0
701,737320918,90.685844,-1.110901,94.038849,-0.876129,0.021766,-4.499258,0
702,737337585,92.367371,-1.827758,93.513893,-0.768444,-1.030584,-4.053006,0
703,737354252,94.033562,-2.239592,92.868858,-0.318189,-1.921000,-1.794910,0
704,737370919,95.116516,-2.332958,92.207298,-0.434301,-1.648356,-1.442736,0
705,737387586,95.825356,-2.202710,91.738670,-0.929574,-1.806670,-5.351667,0
706,737404253,97.512566,-1.867624,91.289024,-1.302499,-3.456414,-7.461822,0
707,737420920,100.139503,-1.381072,90.751503,-0.601815,-4.195835,-4.736802,0
708,737437587,102.636421,-0.889851,90.342346,0.943412,-3.640654,-1.346243,0
709,737454254,104.528580,-0.485603,90.191017,0.816160,-3.775211,-1.417070,0
710,737470921,106.427956,-0.214626,90.141220,-0.780017,-4.684338,-2.347483,0
711,737487588,108.737152,-0.132315,90.030441,-0.755799,-5.679736,-1.701904,0
712,737504255,111.601463,-0.382128,89.712349,-0.257910,-6.961981,-1.217632,0
713,737520922,115.048981,-1.058868,89.121780,0.529756,-7.626889,-1.284534,0
714,737537589,118.701927,-2.123239,88.425301,1.740770,-6.929105,-1.145176,0
715,737554256,121.721962,-3.366743,87.883263,2.287368,-5.899403,-1.125554,0
716,737570923,123.436478,-4.376624,87.499748,2.635158,-4.283619,-0.429961,0
717,737587590,123.900902,-5.294839,87.456726,0.718203,-2.331534,-0.554711,0
718,737604257,123.738930,-6.038413,87.619576,0.716921,-3.032840,-0.884818,0
719,737620924,123.562675,-6.445590,87.861099,0.141639,-1.843775,-4.829324,0
720,737637591,124.690323,-7.086508,87.996658,1.791298,-0.307442,0.061343,0
721,737654258,124.583237,-7.623487,88.470581,3.569278,-2.049290,0.653258,0
722,737670925,124.633812,-8.055527,89.157181,-0.931839,-0.539035,-3.970578,0
723,737687592,125.464241,-8.601560,89.941765,-0.199478,-2.096899,-0.880171,0
724,737704259,126.347298,-9.031720,90.666946,4.212278,-2.138340,0.099485,0
725,737720926,126.943069,-9.282856,91.268845,4.692806,-1.435991,0.222815,0
726,737737593,127.397400,-9.492782,91.962791,2.072818,-1.726772,0.072536,0
727,737754260,128.266434,-9.645285,92.688705,0.851210,-2.688287,0.124340,0
728,737770927,129.169083,-9.660736,93.500458,1.348948,-3.374435,0.472639,0
729,737787594,129.588837,-9.624397,94.536804,1.160574,-4.248562,0.997370,0
730,737804261,129.674225,-9.472128,95.737160,0.104698,-3.866880,-0.733228,0
731,737820928,129.792648,-9.220896,97.183243,-2.039872,-3.668626,-0.816497,0
732,737837595,130.176270,-8.925991,98.944214,-2.110614,-3.547107,-0.696849,0
733,737854262,130.524368,-8.502218,100.974159,-1.291974,-3.322479,-0.435872,0
734,737870929,130.651352,-7.849085,103.246506,-1.365374,-2.870615,0.457887,0
735,737887596,130.583008,-6.899801,105.769470,-2.189853,-2.129951,1.067577,0
736,737904263,130.489105,-5.731984,108.548546,-3.427529,-0.929959,1.189825,0
737,737920930,130.656311,-4.528151,111.645058,-3.475295,-0.332269,1.944002,0
738,737937597,131.033569,-3.368424,115.066025,-2.963023,0.076135,2.801312,0
739,737954264,131.453461,-2.300155,118.798462,-2.068154,0.534787,3.559135,0
740,737970931,131.737030,-1.353424,122.785645,-1.260008,1.127353,3.893012,0
741,737987598,131.697601,-0.547762,127.027367,-0.608454,1.395437,3.763586,0
742,738004265,131.210892,0.205558,131.417236,-0.249989,1.831854,3.380320,0
743,738020932,130.199600,0.916317,135.906769,-0.802777,2.294389,3.520912,0
744,738037599,128.635330,1.490085,140.552917,-1.503959,2.551738,3.404931,0
745,738054266,126.645790,1.924430,145.329254,-1.765387,2.181183,3.341235,0
746,738070933,124.234505,2.260767,150.191849,-1.675231,1.645729,3.470396,0
747,738087600,121.298508,2.518736,155.109268,-1.958777,0.665420,3.622861,0
748,738104267,118.032639,2.642747,160.056747,-2.042567,-0.580133,2.685696,0
749,738120934,114.696266,2.679747,165.038193,-1.398543,-0.863424,2.408128,0
750,738137601,111.147987,2.672322,170.007721,-0.663911,-1.038157,2.062129,0
751,738154268,108.223328,2.446645,174.925583,1.313004,-5.727113,-6.539424,0
752,738170935,108.970573,2.431825,178.964096,4.369976,-2.961074,0.658465,0
753,738187602,107.385567,2.611486,-177.332306,1.157531,5.430607,9.285965,0
754,738204269,103.866455,3.070168,-173.682770,0.290647,0.738630,8.607952,0
755,738220936,98.407021,3.788239,-170.156250,-0.894877,-6.189850,2.041631,0
756,738237603,93.099449,4.173308,-165.987015,0.187600,-10.368416,-4.511676,0
757,738254270,89.545105,4.378549,-161.334152,4.776778,-8.859408,-5.564866,0
758,738270937,87.439102,4.645786,-156.973465,6.176496,-5.659920,-4.529782,0
759,738287604,86.308304,5.116180,-152.981720,5.938398,-3.382360,-1.530085,0
760,738304271,84.677223,5.808026,-149.392426,3.797436,-1.334228,0.289818,0
761,738320938,82.517166,6.514751,-146.015366,2.910036,-2.505130,-1.401373,0
762,738337605,80.502487,7.152106,-142.555206,4.003842,-5.395444,-3.458157,0
763,738354272,78.814613,7.848693,-138.904755,5.601133,-5.215307,-2.517892,0
764,738370939,77.148567,8.520027,-135.307312,6.375049,-3.845661,-1.702540,0
765,738387606,75.700562,9.141801,-131.877075,4.935486,-1.629752,-2.426027,0
766,738404273,74.842148,9.672646,-128.589081,3.484485,-0.123464,-2.833364,0
767,738420940,74.600700,10.071290,-125.480423,2.928684,0.457900,-1.131221,0
768,738437607,74.231255,10.396653,-122.676361,2.824136,-0.641383,1.205420,0
769,738454274,73.224586,10.633033,-120.051041,3.380824,-1.886915,1.202838,0
770,738470941,71.923355,10.786836,-117.369156,4.134437,-2.018525,-1.332470,0
771,738487608,70.986450,10.922233,-114.594841,4.340376,-1.151710,-3.053957,0
772,738504275,70.461334,11.027480,-111.733986,4.004629,-0.416302,-3.064175,0
773,738520942,69.982330,11.091943,-108.788933,3.340783,0.278423,-2.650310,0
774,738537609,69.281715,11.126928,-105.771080,3.045188,1.004137,-2.009428,0
775,738554276,68.386192,11.093351,-102.752289,3.619131,1.730380,-1.572396,0
776,738570943,67.315498,11.062030,-99.748039,4.123131,2.199447,-0.981923,0
777,738587610,66.150032,11.116197,-96.769829,4.378382,2.482931,-1.379335,0
778,738604277,65.171127,11.343226,-93.783730,4.331120,2.608706,-2.697154,0
779,738620944,64.785324,11.757181,-90.720573,3.727429,2.969421,-2.741228,0
780,738637611,65.487434,12.237802,-87.662064,3.107329,3.477888,-1.251051,0
781,738654278,67.015480,12.872854,-84.826180,2.946713,3.116786,2.384567,0
782,738670945,68.187614,13.700771,-82.250114,2.842267,1.195798,6.220316,0
783,738687612,68.526756,14.585912,-79.822395,2.272566,-0.585108,6.814257,0
784,738704279,68.343262,15.332914,-77.470978,1.203485,-1.451675,5.008578,0
785,738720946,68.310493,16.004969,-75.137375,0.553356,-1.369387,1.918882,0
786,738737613,68.507378,16.601704,-72.839851,0.726059,-2.612895,0.987314,0
787,738754280,68.319069,17.072245,-70.470543,0.177423,-4.132846,1.382469,0
788,738770947,67.666641,17.367243,-68.153366,-0.663068,-5.054378,0.323698,0
789,738787614,66.589546,17.533918,-65.869972,-0.827279,-5.649942,-1.974840,0
790,738804281,65.395409,17.585653,-63.436672,0.056216,-6.022822,-4.036755,0
791,738820948,64.419197,17.511843,-60.697563,1.086215,-6.059755,-4.369624,0
792,738837615,63.605713,17.487686,-57.739441,2.385920,-5.317430,-3.631393,0
793,738854282,62.511723,17.483383,-54.674347,4.556750,-4.729912,-2.326797,0
794,738870949,61.209152,17.493601,-51.585087,5.752653,-4.149765,-2.047914,0
795,738887616,60.025322,17.565943,-48.455761,6.360352,-3.322291,-1.513445,0
796,738904283,59.290955,17.670570,-45.384785,6.045484,-1.277917,0.587374,0
797,738920950,58.658211,17.731640,-42.683506,6.747973,0.816773,3.923328,0
798,738937617,57.673645,17.664864,-40.142162,7.397390,3.456805,3.317503,0
799,738954284,56.410480,17.466722,-37.575359,4.860814,5.343656,4.139046,0
800,738970951,55.097431,17.112377,-35.313290,2.802320,7.249685,5.139129,0
801,738987618,53.240059,16.424864,-33.322071,0.933795,8.810740,4.370188,0
802,739004285,51.055832,15.417433,-31.672035,-0.319406,8.786116,2.194123,0
803,739020952,49.037506,14.343941,-30.026960,-1.122806,8.016925,-0.460825,0
804,739037619,47.267838,13.379129,-28.247429,-1.454116,7.983077,-0.656745,0
805,739054286,45.432724,12.622611,-26.225904,-2.417373,6.795961,-0.345986,0
806,739070953,43.890198,12.198329,-23.915628,-3.924792,7.131677,-1.682267,0
807,739087620,42.731915,11.973808,-21.387911,-6.466140,7.276743,-2.661025,0
808,739104287,42.417763,11.870176,-18.838448,-7.280158,7.827992,-2.657894,0
809,739120954,42.466667,12.043328,-16.182074,-7.713764,8.026543,-3.481530,0
810,739137621,43.033390,12.642319,-13.493796,-9.437764,8.098631,-4.323276,0
811,739154288,44.174244,13.606928,-10.938358,-11.963900,7.829826,-4.678349,0
812,739170955,46.179852,14.920292,-8.666669,-14.596434,7.498260,-5.043092,0
813,739187622,48.865387,16.560654,-6.665695,-18.134897,7.303971,-3.267463,0
814,739204289,52.352154,18.490784,-5.058021,-22.826319,6.779614,-2.562738,0
815,739220956,56.908886,20.604626,-4.220480,-29.239567,6.033767,-0.326403,0
816,739237623,62.556377,22.657196,-5.184827,-33.378613,5.089940,5.114767,0
817,739254290,67.946297,24.764091,-8.230479,-35.252087,4.178329,10.034069,0
818,739270957,72.405457,26.810514,-14.306333,-39.419926,4.689508,13.586130,0
819,739287624,75.106987,28.514288,-24.582239,-39.673946,13.283952,21.036671,0
820,739304291,75.187927,28.904842,-39.377117,-32.425488,35.746044,28.503864,0
821,739320958,72.403664,26.254452,-57.829086,-6.989543,63.573551,24.455429,0
822,739337625,70.438805,19.971342,-77.446762,35.037930,64.720184,1.383819,0
823,739354292,71.055794,11.732484,-95.765945,67.596352,51.903591,-10.738776,0
824,739370959,73.007805,2.098052,-117.673973,76.291893,27.369366,-12.370548,0
825,739387626,75.935181,-4.333858,-136.853729,55.591999,-18.811209,-24.980972,0
826,739404293,78.134125,-7.259984,-152.856506,47.042629,-26.937397,-23.169125,0
827,739420960,75.867188,-6.274371,-167.211334,46.662888,-8.226285,-28.586615,0
828,739437627,81.118912,-3.496692,-178.507980,30.032480,-36.224712,-34.916473,0
829,739454294,82.343575,0.819400,173.301971,23.640907,-44.392410,1.636196,0
830,739470961,79.535431,4.041833,167.901657,7.367999,-25.680826,3.202142,0
831,739487628,77.537071,4.595804,165.335297,0.128956,-20.035135,-20.361362,0
832,739504295,81.152748,3.790942,163.607834,-1.428502,-19.863344,-11.179345,0
833,739520962,82.616333,3.294561,162.688293,-2.921557,-10.776471,1.963210,0
834,739537629,81.722862,3.401610,162.612396,1.047237,-9.719567,-4.101901,0
835,739554296,80.173599,4.027739,162.370529,3.745151,-9.232965,-5.938631,0
836,739570963,78.450417,5.005036,161.960495,3.164823,-6.810096,-7.353358,0
837,739587630,77.773994,6.267494,161.414230,3.690316,-6.301919,-9.599730,0
838,739604297,78.274887,7.842033,160.574432,4.016848,-6.203065,-7.763861,0
839,739620964,79.120369,9.816357,159.581055,3.614913,-6.440251,-5.859705,0
840,739637631,79.711487,12.324154,158.553375,3.223744,-6.791233,-3.408316,0
841,739654298,79.118546,15.314368,157.684586,3.327222,-4.817606,-1.290652,0
842,739670965,77.714996,18.710331,156.743256,4.369822,-3.060612,0.049179,0
843,739687632,75.539322,22.649935,155.648895,3.704766,-4.000325,0.949224,0
844,739704299,72.700356,27.140600,154.580612,3.460509,-6.810207,1.570510,0
845,739720966,69.097939,32.066895,153.541489,2.858207,-7.256301,3.381244,0
846,739737633,64.332626,37.049667,152.652328,2.763184,-1.997239,6.802303,0
847,739754300,59.444607,41.941311,151.371506,1.611437,-1.209174,7.273371,0
848,739770967,54.967007,46.820858,149.987991,2.169706,-6.198609,3.360054,0
849,739787634,51.153309,51.498444,148.354446,2.868434,-6.295269,4.274560,0
850,739804301,47.936016,55.626057,146.588684,-0.352358,-2.027658,7.894054,0
851,739820968,45.321808,59.012157,144.894913,-2.300029,1.449014,8.064470,0
852,739837635,43.872700,61.807037,143.399002,-2.088131,-0.116483,5.431669,0
853,739854302,43.593151,64.228638,142.301666,-1.879835,-1.333206,5.157757,0
854,739870969,43.881973,66.313240,141.406540,-5.119896,0.008360,6.065652,0
855,739887636,44.442490,68.016769,141.038483,-7.188924,3.195182,5.587196,0
856,739904303,45.404587,69.376266,141.070877,-7.013608,3.953984,3.845558,0
857,739920970,46.511131,70.595253,141.496414,-5.930487,2.684306,2.955319,0
858,739937637,47.583416,71.612671,141.901276,-5.759895,2.526645,3.057935,0
859,739954304,48.646366,72.310265,142.310593,-6.333288,3.346398,2.882756,0
860,739970971,49.878197,72.581337,142.871689,-5.743985,3.914426,2.133977,0
861,739987638,51.414070,72.496552,143.630249,-5.084688,3.237552,1.406797,0
862,740004305,53.169067,72.148666,144.595474,-4.683248,2.862517,1.359090,0
863,740020972,55.065235,71.591301,145.664474,-4.459573,2.504973,1.510970,0
864,740037639,57.006786,70.812286,146.844574,-4.229086,2.222905,1.626857,0
865,740054306,58.879013,69.787674,148.112228,-3.809242,1.878391,1.734549,0
866,740070973,60.575745,68.532188,149.402802,-2.976289,1.410397,1.599884,0
867,740087640,62.067909,67.079750,150.638123,-2.035293,0.897672,1.539165,0
868,740104307,63.310764,65.456375,151.724625,-1.241046,0.459677,1.457090,0
869,740120974,64.431938,63.676453,152.717682,-0.457663,0.089530,1.207574,0
870,740137641,65.546242,61.776932,153.679306,0.244165,-0.207997,1.240060,0
871,740154308,66.539581,59.772072,154.576233,0.599974,-0.421291,1.493292,0
872,740170975,67.391670,57.657833,155.434296,1.419028,-0.711366,1.321268,0
873,740187642,68.151230,55.459778,156.235138,2.241241,-0.991237,1.118552,0
874,740204309,68.798531,53.194916,156.962952,2.896214,-1.264864,0.816316,0
875,740220976,69.349129,50.886204,157.631485,3.568298,-1.466860,0.490235,0
876,740237643,69.805008,48.541386,158.223450,4.056703,-1.559527,0.118521,0
877,740254310,70.208908,46.171219,158.738144,4.493519,-1.310966,-0.307771,0
878,740270977,70.600349,43.792141,159.148026,4.887712,-1.207576,-0.852502,0
879,740287644,70.971123,41.439194,159.418976,5.037215,-1.181727,-1.466045,0
880,740304311,71.300110,39.142708,159.564667,5.119223,-1.305117,-2.223293,0
881,740320978,71.614235,36.955246,159.632202,5.321851,-1.289091,-2.587608,0
882,740337645,71.882324,34.910763,159.635406,5.722590,-1.364781,-2.543711,0
883,740354312,72.070801,33.027203,159.505539,5.985529,-1.228949,-2.615765,0
884,740370979,72.273216,31.326895,159.240097,5.747035,-1.225640,-2.821596,0
885,740387646,72.523796,29.872025,158.839661,5.449677,-1.314921,-3.271515,0
886,740404313,72.958076,28.686798,158.373596,5.309957,-1.506572,-3.941078,0
887,740420980,73.716713,27.761877,157.869339,5.266131,-1.541573,-4.021074,0
888,740437647,74.738525,27.087587,157.320740,4.869905,-1.136803,-3.351782,0
889,740454314,75.865616,26.673613,156.755783,4.277920,-0.702735,-2.653009,0
890,740470981,76.906410,26.531042,156.176544,3.516379,-0.273769,-2.060340,0
891,740487648,77.726189,26.658684,155.603653,2.757108,0.035106,-1.519554,0
892,740504315,78.253822,27.031292,155.036896,1.996655,0.017283,-1.172761,0
893,740520982,78.457062,27.635725,154.529251,1.823276,0.050565,-0.966788,0
894,740537649,78.336784,28.474558,154.054169,1.925648,0.212515,-0.249545,0
895,740554316,77.926010,29.544773,153.514450,1.893397,0.555210,0.496556,0
896,740570983,77.343155,30.834848,152.889755,1.401372,0.894106,0.377723,0
897,740587650,76.824348,32.303047,152.203415,0.681208,0.819208,0.058308,0
898,740604317,76.415062,33.888077,151.441711,0.002162,0.670322,0.071429,0
899,740620984,76.054047,35.539700,150.596680,-0.638902,0.689612,0.698050,0
900,740637651,75.589615,37.206379,149.676514,-1.052292,0.796616,1.509700,0
901,740654318,74.922997,38.819813,148.671005,-0.833860,1.361595,1.769864,0
902,740670985,74.153740,40.335094,147.496017,-0.912045,1.513301,1.294703,0
903,740687652,73.301155,41.721111,146.221054,-1.224862,1.320977,0.301387,0
904,740704319,72.469177,42.971039,144.868164,-1.214815,0.909975,-0.468742,0
905,740720986,71.650566,44.108974,143.429611,-1.131736,0.965936,-0.897508,0
906,740737653,70.821915,45.156193,141.920074,-1.077822,1.374053,-1.109305,0
907,740754320,69.950684,46.134670,140.379929,-1.071986,1.633250,-1.141229,0
908,740770987,69.056259,47.048943,138.848526,-0.802648,1.518718,-1.305294,0
909,740787654,68.215714,47.891197,137.298935,-0.531141,1.205287,-1.362672,0
910,740804321,67.456581,48.683422,135.734497,-0.538282,0.925192,-1.395140,0
911,740820988,66.758949,49.443390,134.222961,-0.338971,0.677581,-1.228314,0
912,740837655,66.101189,50.209412,132.725174,-0.032925,0.655616,-0.726238,0
913,740854322,65.374222,51.022793,131.206512,0.093018,0.912574,-0.207542,0
914,740870989,64.570686,51.895741,129.668320,-0.045342,1.287556,0.211148,0
915,740887656,63.702984,52.791100,128.122955,-0.023905,1.692719,0.398138,0
916,740904323,62.801098,53.682823,126.577477,0.134116,2.106404,0.078338,0
917,740920990,61.964222,54.508030,125.078056,0.337076,2.370742,-0.118011,0
918,740937657,61.144455,55.218868,123.549545,0.410711,2.637552,0.105165,0
919,740954324,60.283604,55.809013,121.974327,0.459524,2.722974,0.231659,0
920,740970991,59.383953,56.280788,120.314590,0.455454,2.474384,0.452635,0
921,740987658,58.491024,56.611267,118.611397,0.261146,2.264416,0.801965,0
922,741004325,57.606628,56.794922,116.922844,0.238556,2.140286,1.304454,0
923,741020992,56.716587,56.816818,115.275047,0.360183,2.006423,1.629889,0
924,741037659,55.879765,56.672440,113.702614,0.534639,1.844592,1.581846,0
925,741054326,55.160980,56.375931,112.239990,0.541244,1.788153,1.137423,0
926,741070993,54.603096,55.975239,110.958992,0.545117,1.821581,0.645490,0
927,741087660,54.172646,55.495975,109.844826,0.572095,2.000343,0.438767,0
928,741104327,53.811085,54.932884,108.845718,0.472009,1.980138,0.296130,0
929,741120994,53.450287,54.281158,107.906425,0.294624,1.981452,0.008993,0